序号,链接,节点数
0,https://gitlab.com/colloq168/nodefiltrate/-/raw/main/filtrate?ref_type=heads,164
1,https://raw.githubusercontent.com/Alvin9999/pac2/master/clash.meta2/1/config.yaml,0
2,https://raw.githubusercontent.com/Alvin9999/pac2/master/clash.meta2/13/config.yaml,0
3,https://raw.githubusercontent.com/Alvin9999/pac2/master/clash.meta2/15/config.yaml,0
4,https://raw.githubusercontent.com/Alvin9999/pac2/master/clash.meta2/2/config.yaml,0
5,https://raw.githubusercontent.com/Alvin9999/pac2/master/clash.meta2/config.yaml,0
6,https://raw.githubusercontent.com/Huibq/TrojanLinks/master/links/vmess,0
7,https://raw.githubusercontent.com/Surfboardv2ray/TGParse/main/python/hy2,1
8,https://raw.githubusercontent.com/Surfboardv2ray/TGParse/main/python/hysteria2,0
9,https://raw.githubusercontent.com/qjlxg/hy2/main/splitted/hy2,48
10,https://raw.githubusercontent.com/ripaojiedian/freenode/main/clash,27
11,https://raw.githubusercontent.com/ripaojiedian/freenode/main/sub,24
12,https://raw.githubusercontent.com/zhangkaiitugithub/passcro/main/speednodes.yaml,256
13,https://rfWWk7.absslk.xyz/4defa80d0c97927b82c3d1de15158a53,38
14,https://xErtSx.mcsslk.xyz/709a1982a3fcaf3f49d0c108065f683c,39
15,dynamic://peasoft,0

总计,,555
